plz,bezirk,pop_total,pop_under6,pop_6_15,pop_15_18,pop_18_27,pop_27_45,pop_45_55,pop_55_65,pop_65plus,pop_female
10115,Mitte,26274,1754,2051,473,2461,11595,4253,2041,1646,12818
10117,Mitte,15531,782,881,250,1558,5346,2342,1854,2518,7489
10119,Mitte,15064,1014,1087,213,1319,6650,2543,1158,1080,7489
10119,Pankow,4606,336,426,118,423,1753,991,349,210,2258
10178,Mitte,14385,692,714,203,1588,5100,1856,1473,2759,6953
10179,Friedrichshain-Kreuzberg,406,24,36,6,21,99,36,52,132,232
10179,Mitte,23564,1277,1143,355,2637,7603,3006,2535,5008,11692
10243,Friedrichshain-Kreuzberg,30655,1730,1725,461,3578,11759,3630,2751,5021,15201
10245,Friedrichshain-Kreuzberg,33509,2410,1869,485,3456,17523,4138,1870,1758,15966
10247,Friedrichshain-Kreuzberg,38094,2691,2403,578,4063,19655,4651,2282,1771,18307
10247,Pankow,1397,189,301,60,58,464,249,43,33,684
10249,Friedrichshain-Kreuzberg,27693,1827,1619,387,2491,11888,3348,2327,3806,13697
10249,Pankow,1192,140,120,6,59,490,126,72,179,638
10315,Lichtenberg,33424,1870,1908,522,3825,10810,3736,3825,6928,16393
10317,Lichtenberg,23021,1929,1681,349,2433,10453,2817,1686,1673,10981
10318,Lichtenberg,27217,2147,2505,623,2329,8067,4116,3084,4346,13915
10319,Lichtenberg,24481,1188,1458,434,2212,5719,2707,2764,7999,13038
10365,Lichtenberg,27052,1778,1869,572,3317,9294,3253,2660,4309,13177
10367,Lichtenberg,21735,1334,1327,347,2174,7156,2473,2207,4717,11090
10369,Lichtenberg,20386,1046,1232,353,1917,5237,2272,2155,6174,10462
10405,Pankow,32065,2449,2755,642,2706,13118,5507,2513,2375,15867
10407,Pankow,25254,1742,2200,504,2249,9369,4201,2165,2824,12699
10409,Pankow,23033,1087,1144,289,1981,7391,2836,2242,6063,12070
10435,Mitte,4117,340,316,54,300,1884,735,231,257,2093
10435,Pankow,13283,976,1166,247,1075,5762,2550,907,600,6491
10437,Pankow,32972,2511,2756,605,2804,14471,6329,2017,1479,16270
10439,Pankow,29073,1818,1847,404,2833,13299,4373,1925,2574,14537
10551,Mitte,19350,1053,1156,359,2895,6988,2505,2168,2226,9095
10553,Mitte,11725,635,770,221,2076,4316,1501,1143,1063,5273
10555,Mitte,17933,851,1069,376,2714,5600,2443,2243,2637,8858
10557,Mitte,17971,999,1198,412,2107,5372,2584,2082,3217,8806
10559,Mitte,16802,1082,1231,364,2572,6072,2166,1568,1747,7940
10585,Charlottenburg-Wilmersdorf,15268,802,953,342,1571,4525,2150,2025,2900,7770
10587,Charlottenburg-Wilmersdorf,13408,672,694,223,1515,4086,1957,1673,2588,6828
10589,Charlottenburg-Wilmersdorf,15298,750,811,257,1811,4819,2312,2100,2438,7695
10623,Charlottenburg-Wilmersdorf,6399,238,340,141,614,1711,1009,960,1386,3182
10625,Charlottenburg-Wilmersdorf,11864,514,594,192,1244,3267,1899,1717,2437,6007
10627,Charlottenburg-Wilmersdorf,14145,722,930,267,1830,4389,2057,1705,2245,6936
10629,Charlottenburg-Wilmersdorf,14162,689,801,253,1209,3451,2297,2159,3303,7290
10707,Charlottenburg-Wilmersdorf,12988,652,682,236,1087,3205,2005,1881,3240,6701
10709,Charlottenburg-Wilmersdorf,10516,467,584,213,957,2652,1482,1506,2655,5515
10711,Charlottenburg-Wilmersdorf,11235,497,657,225,1015,2985,1675,1629,2552,5744
10713,Charlottenburg-Wilmersdorf,12982,720,890,291,1552,3620,1890,1718,2301,6627
10715,Charlottenburg-Wilmersdorf,17326,820,1140,381,1840,4712,2664,2248,3521,8925
10717,Charlottenburg-Wilmersdorf,17287,746,985,366,1642,4298,2610,2470,4170,8933
10719,Charlottenburg-Wilmersdorf,10230,475,541,198,814,2422,1633,1483,2664,5212
10777,Charlottenburg-Wilmersdorf,3275,123,183,39,321,854,492,435,828,1661
10777,Tempelhof-Schöneberg,9729,403,436,144,959,2627,1714,1459,1987,4372
10779,Charlottenburg-Wilmersdorf,2405,103,139,37,203,568,410,334,611,1217
10779,Tempelhof-Schöneberg,6918,295,382,131,737,1798,1087,954,1534,3551
10781,Tempelhof-Schöneberg,14095,739,1002,325,1400,3950,2376,2044,2259,6999
10783,Tempelhof-Schöneberg,12694,677,1044,329,1636,3684,1961,1574,1789,5975
10785,Friedrichshain-Kreuzberg,706,92,36,10,45,381,75,33,34,316
10785,Mitte,10936,587,798,286,1584,3461,1473,1319,1428,5000
10785,Tempelhof-Schöneberg,1475,63,100,34,169,398,226,236,249,658
10787,Charlottenburg-Wilmersdorf,124,3,6,4,3,31,12,24,41,55
10787,Mitte,3283,150,105,22,500,995,388,408,715,1576
10787,Tempelhof-Schöneberg,3827,206,329,115,452,1043,575,397,710,1787
10789,Charlottenburg-Wilmersdorf,3099,174,197,27,302,954,445,369,631,1450
10789,Tempelhof-Schöneberg,2185,97,145,61,193,619,273,316,481,1044
10823,Tempelhof-Schöneberg,9156,554,552,196,854,2815,1647,1278,1260,4656
10825,Charlottenburg-Wilmersdorf,303,15,19,13,12,63,65,37,79,152
10825,Tempelhof-Schöneberg,10355,536,675,217,1002,2805,1630,1358,2132,5275
10827,Tempelhof-Schöneberg,16205,953,1103,358,1996,5583,2275,1999,1938,7822
10829,Tempelhof-Schöneberg,14720,861,929,256,1546,5261,2507,1878,1482,7321
10961,Friedrichshain-Kreuzberg,20122,1184,1228,412,2455,7565,3041,2313,1924,9773
10963,Friedrichshain-Kreuzberg,13826,880,1168,371,1967,4730,1929,1393,1388,6470
10963,Mitte,245,36,9,4,31,54,47,36,28,128
10965,Friedrichshain-Kreuzberg,18982,1158,1338,383,1827,6713,3066,2470,2027,9355
10965,Tempelhof-Schöneberg,2099,184,211,46,242,631,399,220,166,1034
10967,Friedrichshain-Kreuzberg,19080,1252,1441,393,1891,7282,2847,2149,1825,9454
10967,Neukölln,2096,130,144,30,230,815,298,232,217,1021
10969,Friedrichshain-Kreuzberg,28128,1972,2936,969,3611,8103,3979,2754,3804,13901
10997,Friedrichshain-Kreuzberg,26552,1555,1871,628,2879,10367,3995,2793,2464,12786
10999,Friedrichshain-Kreuzberg,26134,1494,1989,623,2955,9763,4089,2770,2451,12644
12043,Neukölln,15983,1074,1116,305,1837,7000,1818,1420,1413,7669
12045,Neukölln,16535,1052,1008,273,1825,7425,1993,1368,1591,8124
12047,Neukölln,15998,1021,991,246,1353,7241,2324,1482,1340,8049
12049,Neukölln,20905,1253,1241,394,2229,9391,2677,1964,1756,9923
12051,Neukölln,26552,1683,2140,688,3558,10290,3198,2238,2757,12903
12053,Neukölln,18901,1107,1482,496,2088,7338,2422,1802,2166,9297
12055,Neukölln,15496,972,1017,347,2055,6619,1840,1386,1260,7288
12057,Neukölln,16508,1540,1987,567,2219,4257,2167,1591,2180,8127
12059,Neukölln,19164,1296,1402,391,2132,7602,2368,1801,2172,9481
12099,Tempelhof-Schöneberg,16054,1042,1134,322,2058,5037,2140,1770,2551,8045
12101,Tempelhof-Schöneberg,16705,961,1326,429,1702,4189,2601,2109,3388,8604
12103,Tempelhof-Schöneberg,20775,1215,1334,386,2106,6117,2948,2618,4051,10900
12105,Tempelhof-Schöneberg,24435,1404,1580,504,2412,6208,3469,3219,5639,12698
12107,Neukölln,238,12,15,9,21,74,38,25,44,121
12107,Tempelhof-Schöneberg,21293,997,1463,507,1948,4473,3005,2715,6185,11104
12109,Tempelhof-Schöneberg,15847,838,974,338,1520,3749,2248,2181,3999,8331
12157,Steglitz-Zehlendorf,7690,451,475,127,693,2209,1162,1036,1537,4154
12157,Tempelhof-Schöneberg,12368,782,940,309,1431,3568,1941,1533,1864,6369
12159,Tempelhof-Schöneberg,15518,827,1246,407,1541,3581,2464,2252,3200,8330
12161,Steglitz-Zehlendorf,1664,93,87,32,166,511,240,254,281,899
12161,Tempelhof-Schöneberg,16459,870,1297,420,1529,4092,2801,2388,3062,8700
12163,Steglitz-Zehlendorf,19617,1093,1272,411,1892,5073,2911,2626,4339,10479
12163,Tempelhof-Schöneberg,406,18,21,6,62,117,55,66,61,215
12165,Steglitz-Zehlendorf,4899,274,357,150,516,1209,745,654,994,2512
12167,Steglitz-Zehlendorf,20244,1090,1252,388,1972,5349,3006,2641,4546,10855
12169,Steglitz-Zehlendorf,17745,900,1202,364,1733,4419,2752,2334,4041,9288
12203,Steglitz-Zehlendorf,22033,1119,1728,590,2092,4851,3578,3008,5067,11479
12205,Steglitz-Zehlendorf,16063,775,1655,511,1278,2984,2735,2070,4055,8462
12207,Steglitz-Zehlendorf,23489,1282,1823,559,2360,4850,3319,2883,6413,12301
12209,Steglitz-Zehlendorf,15794,775,1267,482,1256,2785,2458,2226,4545,8413
12247,Steglitz-Zehlendorf,20826,1084,1360,459,1762,4683,2963,2823,5692,11021
12249,Steglitz-Zehlendorf,23890,1285,1686,532,2382,5247,3702,3092,5964,12634
12249,Tempelhof-Schöneberg,710,31,61,21,74,168,90,107,158,319
12277,Tempelhof-Schöneberg,14653,880,1371,418,1407,3017,2180,1829,3551,7382
12279,Tempelhof-Schöneberg,17607,1014,1425,446,1582,3760,2185,2171,5024,9291
12305,Tempelhof-Schöneberg,20981,996,1550,614,1651,3840,3272,2896,6162,11011
12307,Tempelhof-Schöneberg,12238,609,937,347,1021,2133,2051,1794,3346,6359
12309,Tempelhof-Schöneberg,17884,1146,1717,530,1659,3541,2625,2322,4344,9185
12347,Neukölln,20149,1311,1638,500,2215,5274,2937,2514,3760,10174
12349,Neukölln,22953,1098,1717,592,2255,4455,3478,3122,6236,11840
12351,Neukölln,20658,1068,1583,545,1943,3920,2809,2697,6093,10857
12353,Neukölln,33487,2115,2713,901,3413,7204,4328,4051,8762,17454
12355,Neukölln,28177,1524,2260,839,2552,5313,4534,4034,7121,14558
12357,Neukölln,14809,754,1007,445,1365,2639,2437,2161,4001,7440
12359,Neukölln,20624,1251,1446,520,1942,4651,2983,2868,4963,10715
12435,Treptow-Köpenick,18594,1351,1391,345,1365,6976,2817,1712,2637,9349
12437,Treptow-Köpenick,23351,1232,1190,359,2115,6936,3163,2495,5861,12049
12439,Treptow-Köpenick,11655,752,788,208,1273,3584,1469,1201,2380,5791
12459,Treptow-Köpenick,22296,1653,1531,502,2921,7967,2759,2071,2892,10906
12487,Treptow-Köpenick,20179,1168,1446,455,1644,5089,3069,2517,4791,10391
12489,Treptow-Köpenick,18725,1158,1155,339,2201,5795,2489,2059,3529,9362
12524,Treptow-Köpenick,27716,1893,2612,795,2227,6575,4885,3931,4798,13970
12526,Treptow-Köpenick,12164,683,968,295,867,2576,2176,1905,2694,6132
12527,Treptow-Köpenick,10670,577,701,233,624,2367,1808,1510,2850,5448
12555,Treptow-Köpenick,29616,1765,1899,606,2191,8012,4119,3787,7237,15448
12557,Treptow-Köpenick,23537,1404,1719,504,1593,5747,3496,3281,5793,12073
12559,Treptow-Köpenick,18356,812,1273,407,1041,3553,2571,2754,5945,9398
12587,Treptow-Köpenick,18635,1013,1354,410,911,3955,2931,2346,5715,10048
12589,Treptow-Köpenick,9499,487,776,226,499,1694,1677,1592,2548,4746
12619,Marzahn-Hellersdorf,27879,1921,2130,597,2229,7689,3578,4639,5096,14361
12621,Marzahn-Hellersdorf,17002,851,1272,451,908,3323,3173,3275,3749,8611
12623,Marzahn-Hellersdorf,29519,1538,2279,716,1614,5867,5538,5651,6316,14752
12627,Marzahn-Hellersdorf,39351,3163,3906,976,3800,11367,5601,5760,4778,19972
12629,Marzahn-Hellersdorf,15049,1291,1487,388,1507,4372,2045,2145,1814,7589
12679,Marzahn-Hellersdorf,28612,1684,2310,633,2363,7280,3066,4898,6378,14368
12681,Marzahn-Hellersdorf,19054,1008,1329,386,1748,4969,2005,2702,4907,9301
12683,Marzahn-Hellersdorf,26850,1347,1944,558,2003,5534,4343,4788,6333,13551
12685,Marzahn-Hellersdorf,20444,1264,1519,483,1486,4901,2302,3188,5301,10355
12687,Marzahn-Hellersdorf,18578,1260,1597,452,1419,4913,1794,3145,3998,9468
12689,Marzahn-Hellersdorf,24343,1807,2501,703,2258,6675,3096,4205,3098,12033
13051,Lichtenberg,23047,1517,2028,558,1800,5592,2980,4449,4123,11522
13053,Lichtenberg,21278,1467,1763,429,1742,5278,2788,3461,4350,10679
13055,Lichtenberg,31503,2096,2335,755,2661,8986,4015,3847,6808,16168
13057,Lichtenberg,17211,1263,1628,453,1427,4695,2510,2965,2270,8625
13059,Lichtenberg,15887,1033,1408,384,1284,4024,2218,2903,2633,8206
13086,Pankow,28207,2075,2169,555,2444,9908,4250,2845,3961,14074
13088,Pankow,26352,1715,2169,555,2012,7762,4064,2866,5209,13680
13089,Pankow,7507,446,594,231,610,1643,1372,1129,1482,3595
13125,Pankow,36091,2630,3171,987,2727,9287,5138,4691,7460,18451
13127,Pankow,20804,1412,1953,624,1344,5060,3819,3050,3542,10582
13129,Pankow,6927,362,591,184,378,1311,1345,1168,1588,3482
13156,Pankow,30497,2040,2943,852,2226,7646,5363,3455,5972,15895
13158,Pankow,18309,1053,1551,552,1325,4055,3379,2611,3783,9427
13159,Pankow,2157,106,196,61,127,418,380,344,525,1048
13187,Pankow,34455,2667,3426,803,2379,10865,5437,3325,5553,18199
13189,Pankow,28108,1870,2110,554,2044,9442,4280,3083,4725,14703
13347,Mitte,31898,1893,2567,893,4834,10697,4053,2974,3987,15036
13349,Mitte,14586,763,827,246,1804,4277,1916,1709,3044,7284
13351,Mitte,16541,912,1107,314,2267,5170,2248,1940,2583,8114
13353,Mitte,29475,1692,1947,675,5263,11414,3567,2635,2282,13661
13355,Mitte,23710,1741,2468,735,2792,7011,3045,2391,3527,11760
13357,Mitte,30992,2157,2615,821,5129,11076,3954,2468,2772,14500
13359,Mitte,26967,1966,2436,761,4102,9163,3387,2375,2777,12804
13403,Reinickendorf,30748,1775,2252,687,3538,7755,4396,3880,6465,15355
13405,Mitte,485,25,50,22,64,109,83,91,41,217
13405,Reinickendorf,5551,516,568,174,778,1567,747,578,623,2610
13407,Mitte,3678,230,223,67,322,945,477,463,951,1982
13407,Reinickendorf,22906,1329,1592,443,2676,5756,3246,2956,4908,11725
13409,Mitte,2429,192,278,77,354,722,297,215,294,1122
13409,Reinickendorf,28856,1867,2267,734,3641,8237,4118,3438,4554,14263
13435,Reinickendorf,19307,1300,1836,687,1998,3800,2529,2193,4964,10041
13437,Reinickendorf,16069,900,1025,408,1574,3124,2404,2138,4496,8270
13439,Reinickendorf,22989,1887,2955,881,2431,5213,2779,2473,4370,11830
13465,Reinickendorf,17573,855,1590,575,1232,2479,2910,2480,5452,9124
13467,Reinickendorf,15904,773,1280,446,1153,2475,2567,2405,4805,8264
13469,Reinickendorf,17887,1050,1821,630,1680,3471,2791,2412,4032,9102
13503,Reinickendorf,17591,897,1390,551,1167,2784,2927,2934,4941,8991
13505,Reinickendorf,6585,293,499,246,477,964,1115,1006,1985,3364
13507,Reinickendorf,23755,1190,1402,526,2196,5601,3477,3080,6283,12100
13509,Reinickendorf,16901,810,1046,345,1574,3699,2799,2339,4289,8761
13581,Spandau,16492,872,1230,349,1989,3980,2271,2057,3744,8133
13583,Spandau,23394,1486,1830,557,2488,5896,3317,3068,4752,12129
13585,Spandau,24385,1652,2048,676,3008,6906,3468,2864,3763,12035
13587,Spandau,22209,1120,1554,513,2160,4957,3055,2928,5922,11489
13589,Spandau,23353,1482,2182,746,2239,4852,3169,2967,5716,12142
13591,Spandau,28299,1501,2526,886,2825,5446,4836,4006,6273,14564
13593,Spandau,23139,1782,2336,791,2424,5014,2855,2676,5261,11914
13595,Spandau,22306,1138,1440,491,2305,5335,3370,2925,5302,11472
13597,Spandau,10234,706,886,307,1176,2700,1518,1204,1737,5017
13599,Spandau,16171,1041,1374,438,1635,3974,2346,2083,3280,8370
13627,Charlottenburg-Wilmersdorf,19343,1158,1472,469,1938,4820,2700,2414,4372,9939
13629,Reinickendorf,872,30,55,12,51,135,136,139,314,426
13629,Spandau,12159,797,1036,318,1419,3185,1745,1435,2224,6094
14050,Charlottenburg-Wilmersdorf,11547,546,704,229,1070,2481,1619,1524,3374,6093
14052,Charlottenburg-Wilmersdorf,13422,570,889,316,1332,2831,1999,1613,3872,6804
14053,Charlottenburg-Wilmersdorf,199,14,40,9,6,42,34,30,24,100
14055,Charlottenburg-Wilmersdorf,11507,450,851,304,1292,2004,1660,1400,3546,5973
14057,Charlottenburg-Wilmersdorf,15365,700,973,326,1613,3898,2363,2102,3390,8008
14059,Charlottenburg-Wilmersdorf,22752,1216,1496,442,2635,6407,3334,2966,4256,11764
14089,Spandau,19996,1091,2043,701,1522,3274,3189,2919,5257,10081
14109,Steglitz-Zehlendorf,11331,595,1059,333,762,1794,1878,1538,3372,5801
14129,Steglitz-Zehlendorf,15528,710,1347,444,1812,2573,2319,1917,4406,8096
14163,Steglitz-Zehlendorf,17530,850,1581,599,1480,2797,2846,2398,4979,9155
14165,Steglitz-Zehlendorf,15502,722,1203,435,1283,2726,2379,2131,4623,8364
14167,Steglitz-Zehlendorf,18760,1035,1587,615,1614,3651,3001,2440,4817,9715
14169,Steglitz-Zehlendorf,18398,825,1566,557,1641,3054,3006,2446,5303,10085
14193,Charlottenburg-Wilmersdorf,17615,837,1191,338,1418,3546,2688,2408,5189,9319
14195,Charlottenburg-Wilmersdorf,1353,36,115,51,66,199,220,174,492,738
14195,Steglitz-Zehlendorf,15530,790,1581,576,1439,2745,2577,1917,3905,8086
14197,Charlottenburg-Wilmersdorf,17931,788,1102,371,1395,3572,2891,2728,5084,9698
14197,Tempelhof-Schöneberg,1348,78,73,21,201,329,209,189,248,717
14199,Charlottenburg-Wilmersdorf,15369,681,1157,362,1204,3056,2364,1975,4570,8303
14199,Steglitz-Zehlendorf,43,0,0,0,6,18,3,7,9,19
