BSN,Schulname,PLZ,bezirk,schulform_name,n,n.best,n.scls,mn.scls,peer_benchmark_mn_vgl,performance_vs_peer,tier_raw_grade,tier_vs_peer
01A04,,,Mitte,Kollegs/Abendgymnasien,54,0.888888888888889,48,2.375,2.26813725490196,-0.10686274509804017,GOOD,OK
01B01,,,Mitte,berufliche Schulen,31,0.838709677419355,26,2.61923076923077,2.4870709382151,-0.1321598310156702,BAD,OK
01B03,,,Mitte,berufliche Schulen,46,0.956521739130435,44,2.67045454545455,2.4870709382151,-0.1833836072394499,BAD,BAD
01K03,Ernst-Reuter-Schule,13355,Mitte,ISS/Gemeinschaftsschulen,50,0.96,48,2.88125,2.5044819746671,-0.3767680253329,BAD,BAD
01K04,Heinrich-von-Stephan-Gemeinschaftsschule,10553,Mitte,ISS/Gemeinschaftsschulen,36,0.972222222222222,35,2.62571428571429,2.5044819746671,-0.12123231104718979,BAD,OK
01K10,,,Mitte,ISS/Gemeinschaftsschulen,57,0.912280701754386,52,2.90192307692308,2.5044819746671,-0.39744110225597984,BAD,BAD
01P06,,,Mitte,privat,95,1.0,95,1.80631578947368,2.05529247910864,0.2489766896349599,AMAZING,AMAZING
01P18,,,Mitte,privat,42,1.0,42,2.04047619047619,2.05529247910864,0.014816288632450103,AMAZING,GOOD
01P22,,,Mitte,privat,29,1.0,29,1.5,2.05529247910864,0.55529247910864,AMAZING,AMAZING
01P23,,,Mitte,privat,128,1.0,128,1.875,2.05529247910864,0.18029247910864,AMAZING,AMAZING
01Y02,,,Mitte,Gymnasien,127,1.0,127,1.90629921259843,2.22457514897374,0.31827593637531026,AMAZING,AMAZING
01Y07,,,Mitte,Gymnasien,49,0.959183673469388,47,1.67234042553191,2.22457514897374,0.5522347234418301,AMAZING,AMAZING
01Y08,Lessing-Gymnasium,13349,Mitte,Gymnasien,102,0.931372549019608,95,2.35052631578947,2.22457514897374,-0.12595116681572982,GOOD,OK
01Y09,,,Mitte,Gymnasien,74,0.932432432432432,69,2.66811594202899,2.22457514897374,-0.44354079305524996,BAD,BAD
01Y11,,,Mitte,Gymnasien,93,0.935483870967742,87,2.64827586206897,2.22457514897374,-0.4237007130952297,BAD,BAD
01Y12,,,Mitte,Gymnasien,123,0.853658536585366,105,2.53142857142857,2.22457514897374,-0.3068534224548296,OK,BAD
02B05,Jane-Addams-Schule (OSZ Sozialwesen),10249,Friedrichshain-Kreuzberg,berufliche Schulen,81,0.938271604938272,76,2.48947368421053,2.4870709382151,-0.002402745995429889,OK,GOOD
02K01,,,Friedrichshain-Kreuzberg,ISS/Gemeinschaftsschulen,77,0.87012987012987,67,2.51641791044776,2.5044819746671,-0.011935935780659879,OK,GOOD
02K02,,,Friedrichshain-Kreuzberg,ISS/Gemeinschaftsschulen,88,0.954545454545455,84,2.51666666666667,2.5044819746671,-0.012184691999570063,OK,GOOD
02K06,Emanuel-Lasker-Schule (Gemeinschaftsschule),10245,Friedrichshain-Kreuzberg,ISS/Gemeinschaftsschulen,39,0.948717948717949,37,2.61891891891892,2.5044819746671,-0.11443694425181983,BAD,OK
02K08,,,Friedrichshain-Kreuzberg,ISS/Gemeinschaftsschulen,33,0.96969696969697,32,2.675,2.5044819746671,-0.17051802533289973,BAD,OK
02Y01,Andreas-Gymnasium,10243,Friedrichshain-Kreuzberg,Gymnasien,101,0.97029702970297,98,2.24489795918367,2.22457514897374,-0.020322810209929987,GOOD,GOOD
02Y03,Heinrich-Hertz-Gymnasium,10243,Friedrichshain-Kreuzberg,Gymnasien,77,1.0,77,1.91168831168831,2.22457514897374,0.3128868372854301,AMAZING,AMAZING
02Y04,,,Friedrichshain-Kreuzberg,Gymnasien,48,0.979166666666667,47,1.77021276595745,2.22457514897374,0.45436238301629017,AMAZING,AMAZING
02Y05,,,Friedrichshain-Kreuzberg,Gymnasien,125,0.992,124,2.17661290322581,2.22457514897374,0.047962245747930066,GOOD,GOOD
02Y06,,,Friedrichshain-Kreuzberg,Gymnasien,114,1.0,114,1.94473684210526,2.22457514897374,0.2798383068684802,AMAZING,AMAZING
02Y07,,,Friedrichshain-Kreuzberg,Gymnasien,79,0.924050632911392,73,2.75890410958904,2.22457514897374,-0.5343289606152997,BAD,BAD
02Y08,Hermann-Hesse-Gymnasium,10967,Friedrichshain-Kreuzberg,Gymnasien,82,0.98780487804878,81,2.38148148148148,2.22457514897374,-0.15690633250773978,OK,OK
03A04,,,Pankow,Kollegs/Abendgymnasien,23,0.91304347826087,21,2.20952380952381,2.26813725490196,0.05861344537814972,GOOD,GOOD
03B04,Brillat-Savarin-Schule (OSZ Gastgewerbe),13088,Pankow,berufliche Schulen,25,0.92,23,2.53478260869565,2.4870709382151,-0.04771167048055025,OK,GOOD
03B07,Elinor-Ostrom-Schule (OSZ Bürowirtschaft und Dienstleistungen),10409,Pankow,berufliche Schulen,55,0.945454545454545,52,2.39615384615385,2.4870709382151,0.09091709206124987,OK,GOOD
03B10,"Max-Bill-Schule (OSZ Planen, Bauen, Gestalten)",13086,Pankow,berufliche Schulen,130,1.0,130,2.25,2.4870709382151,0.23707093821509995,GOOD,AMAZING
03K01,,,Pankow,ISS/Gemeinschaftsschulen,112,1.0,112,2.22321428571429,2.5044819746671,0.28126768895281007,GOOD,AMAZING
03K02,Kurt-Tucholsky-Schule (Integrierte Sekundarschule),13189,Pankow,ISS/Gemeinschaftsschulen,106,0.962264150943396,102,2.43235294117647,2.5044819746671,0.07212903349063016,OK,GOOD
03K11,,,Pankow,ISS/Gemeinschaftsschulen,58,0.913793103448276,53,2.10377358490566,2.5044819746671,0.4007083897614403,AMAZING,AMAZING
03P03-K,,,Pankow,privat,26,1.0,26,2.4,2.05529247910864,-0.3447075208913599,OK,BAD
03P10,,,Pankow,privat,85,1.0,85,1.79294117647059,2.05529247910864,0.26235130263804995,AMAZING,AMAZING
03P20,,,Pankow,privat,26,1.0,26,2.48461538461538,2.05529247910864,-0.4293229055067398,OK,BAD
03P22,,,Pankow,privat,25,1.0,25,2.44,2.05529247910864,-0.38470752089135996,OK,BAD
03Y03,,,Pankow,Gymnasien,120,1.0,120,1.65833333333333,2.22457514897374,0.5662418156404101,AMAZING,AMAZING
03Y04,,,Pankow,Gymnasien,139,1.0,139,2.15107913669065,2.22457514897374,0.0734960122830901,AMAZING,GOOD
03Y08,,,Pankow,Gymnasien,173,0.982658959537572,170,2.00117647058824,2.22457514897374,0.2233986783855002,AMAZING,AMAZING
03Y10,Rosa-Luxemburg-Gymnasium,13189,Pankow,Gymnasien,167,1.0,167,1.72574850299401,2.22457514897374,0.49882664597973014,AMAZING,AMAZING
03Y13,Felix-Mendelssohn-Bartholdy-Gymnasium,10407,Pankow,Gymnasien,182,0.978021978021978,178,2.33483146067416,2.22457514897374,-0.11025631170041983,GOOD,OK
03Y14,,,Pankow,Gymnasien,195,1.0,195,1.94666666666667,2.22457514897374,0.2779084823070701,AMAZING,AMAZING
03Y15,Max-Delbrück-Gymnasium,13156,Pankow,Gymnasien,164,1.0,164,2.13414634146341,2.22457514897374,0.09042880751033033,AMAZING,GOOD
03Y16,,,Pankow,Gymnasien,122,0.934426229508197,114,2.53070175438596,2.22457514897374,-0.3061266054122198,OK,BAD
03Y17,Inge-Deutschkron-Gymnasium,10407,Pankow,Gymnasien,97,0.927835051546392,90,2.42111111111111,2.22457514897374,-0.19653596213736968,OK,BAD
04A08,Sportschule im Olympiapark - Poelchau-Schule,14053,Charlottenburg-Wilmersdorf,ISS/Gemeinschaftsschulen,43,0.976744186046512,42,2.14047619047619,2.5044819746671,0.3640057841909101,AMAZING,AMAZING
04B02,,,Charlottenburg-Wilmersdorf,berufliche Schulen,65,0.907692307692308,59,2.58135593220339,2.4870709382151,-0.09428499398828993,BAD,OK
04B05,Anna-Freud-Schule (OSZ Sozialwesen),13627,Charlottenburg-Wilmersdorf,berufliche Schulen,89,0.97752808988764,87,2.54712643678161,2.4870709382151,-0.060055498566510046,OK,OK
04K02,,,Charlottenburg-Wilmersdorf,ISS/Gemeinschaftsschulen,102,1.0,102,2.33823529411765,2.5044819746671,0.16624668054945024,GOOD,AMAZING
04K03,,,Charlottenburg-Wilmersdorf,ISS/Gemeinschaftsschulen,75,0.946666666666667,71,2.53802816901408,2.5044819746671,-0.033546194346979696,OK,GOOD
04K04,,,Charlottenburg-Wilmersdorf,ISS/Gemeinschaftsschulen,57,1.0,57,1.92982456140351,2.5044819746671,0.57465741326359,AMAZING,AMAZING
04K05,,,Charlottenburg-Wilmersdorf,ISS/Gemeinschaftsschulen,71,0.929577464788732,66,2.50454545454545,2.5044819746671,-6.347987834987023e-05,OK,GOOD
04P04,,,Charlottenburg-Wilmersdorf,privat,96,1.0,96,2.078125,2.05529247910864,-0.02283252089136001,AMAZING,GOOD
04P11,,,Charlottenburg-Wilmersdorf,privat,56,1.0,56,1.63035714285714,2.05529247910864,0.42493533625150004,AMAZING,AMAZING
04P24,,,Charlottenburg-Wilmersdorf,privat,46,0.978260869565217,45,1.69111111111111,2.05529247910864,0.3641813679975301,AMAZING,AMAZING
04Y01,Schiller-Gymnasium,10625,Charlottenburg-Wilmersdorf,Gymnasien,136,0.970588235294118,132,2.075,2.22457514897374,0.14957514897374002,AMAZING,AMAZING
04Y02,,,Charlottenburg-Wilmersdorf,Gymnasien,96,1.0,96,2.32291666666667,2.22457514897374,-0.09834151769292987,GOOD,OK
04Y03,Sophie-Charlotte-Gymnasium,10629,Charlottenburg-Wilmersdorf,Gymnasien,96,0.96875,93,2.41397849462366,2.22457514897374,-0.18940334564991979,OK,BAD
04Y04,,,Charlottenburg-Wilmersdorf,Gymnasien,70,0.971428571428571,68,2.68382352941176,2.22457514897374,-0.45924838043801985,BAD,BAD
04Y05,,,Charlottenburg-Wilmersdorf,Gymnasien,106,0.971698113207547,103,2.15145631067961,2.22457514897374,0.07311883829413013,GOOD,GOOD
04Y06,,,Charlottenburg-Wilmersdorf,Gymnasien,120,0.983333333333333,118,1.87033898305085,2.22457514897374,0.3542361659228903,AMAZING,AMAZING
04Y07,,,Charlottenburg-Wilmersdorf,Gymnasien,117,0.974358974358974,114,2.27543859649123,2.22457514897374,-0.050863447517489835,GOOD,GOOD
04Y08,,,Charlottenburg-Wilmersdorf,Gymnasien,62,1.0,62,2.25322580645161,2.22457514897374,-0.028650657477869768,GOOD,GOOD
04Y09,,,Charlottenburg-Wilmersdorf,Gymnasien,87,0.942528735632184,82,2.45975609756098,2.22457514897374,-0.2351809485872396,OK,BAD
04Y10,,,Charlottenburg-Wilmersdorf,Gymnasien,76,0.960526315789474,73,2.49452054794521,2.22457514897374,-0.26994539897146996,OK,BAD
04Y11,,,Charlottenburg-Wilmersdorf,Gymnasien,74,0.932432432432432,69,2.1304347826087,2.22457514897374,0.09414036636504042,AMAZING,AMAZING
05B01,"OSZ TIEM (Technische Informatik, Industrieelektronik und EnergieManagement)",13599,Spandau,berufliche Schulen,25,0.92,23,2.56521739130435,2.4870709382151,-0.07814645308924995,BAD,OK
05K01,,,Spandau,ISS/Gemeinschaftsschulen,103,0.932038834951456,96,2.30104166666667,2.5044819746671,0.20344030800043011,GOOD,AMAZING
05K02,,,Spandau,ISS/Gemeinschaftsschulen,85,0.823529411764706,70,2.65285714285714,2.5044819746671,-0.14837516819003982,BAD,OK
05K03,,,Spandau,ISS/Gemeinschaftsschulen,61,0.754098360655738,46,2.80869565217391,2.5044819746671,-0.30421367750681005,BAD,BAD
05K04,Heinrich-Böll-Oberschule (Integrierte Sekundarschule),13587,Spandau,ISS/Gemeinschaftsschulen,43,0.790697674418605,34,2.97647058823529,2.5044819746671,-0.4719886135681901,BAD,BAD
05P13-Y,,,Spandau,privat,47,1.0,47,2.18085106382979,2.05529247910864,-0.12555858472115,GOOD,OK
05Y01,Freiherr-vom-Stein-Gymnasium,13597,Spandau,Gymnasien,98,0.897959183673469,88,2.24318181818182,2.22457514897374,-0.01860666920807974,GOOD,GOOD
05Y02,,,Spandau,Gymnasien,89,0.943820224719101,84,2.41666666666667,2.22457514897374,-0.19209151769292987,OK,BAD
05Y03,,,Spandau,Gymnasien,114,0.964912280701754,110,2.28090909090909,2.22457514897374,-0.056333941935349685,GOOD,OK
05Y04,Carl-Friedrich-von-Siemens-Gymnasium,13629,Spandau,Gymnasien,87,0.873563218390805,76,2.55921052631579,2.22457514897374,-0.3346353773420496,BAD,BAD
05Y05,Lily-Braun-Gymnasium,13597,Spandau,Gymnasien,65,0.861538461538462,56,2.39464285714286,2.22457514897374,-0.17006770816911976,OK,OK
06B02,Louise-Schroeder-Schule (OSZ Bürowirtschaft und Verwaltung),12207,Steglitz-Zehlendorf,berufliche Schulen,30,0.866666666666667,26,2.6,2.4870709382151,-0.11292906178490014,BAD,OK
06B04,,,Steglitz-Zehlendorf,berufliche Schulen,34,0.970588235294118,33,2.63030303030303,2.4870709382151,-0.14323209208792997,BAD,OK
06K01,John-F.-Kennedy-Schule,14167,Steglitz-Zehlendorf,ISS/Gemeinschaftsschulen,86,0.976744186046512,84,1.92142857142857,2.5044819746671,0.5830534032385302,AMAZING,AMAZING
06K02,,,Steglitz-Zehlendorf,ISS/Gemeinschaftsschulen,83,0.975903614457831,81,2.40740740740741,2.5044819746671,0.09707456725968999,OK,AMAZING
06K03,Kopernikus-Schule (Integrierte Sekundarschule),12163,Steglitz-Zehlendorf,ISS/Gemeinschaftsschulen,54,0.814814814814815,44,2.85681818181818,2.5044819746671,-0.35233620715108005,BAD,BAD
06K04,,,Steglitz-Zehlendorf,ISS/Gemeinschaftsschulen,51,0.882352941176471,45,2.90666666666667,2.5044819746671,-0.40218469199956974,BAD,BAD
06K11,,,Steglitz-Zehlendorf,ISS/Gemeinschaftsschulen,43,0.953488372093023,41,2.00243902439024,2.5044819746671,0.5020429502768602,AMAZING,AMAZING
06P06-Y,,,Steglitz-Zehlendorf,privat,77,1.0,77,2.19220779220779,2.05529247910864,-0.13691531309914984,GOOD,OK
06P12,,,Steglitz-Zehlendorf,privat,21,1.0,21,2.68571428571429,2.05529247910864,-0.63042180660565,BAD,BAD
06P18,,,Steglitz-Zehlendorf,privat,19,1.0,19,2.03157894736842,2.05529247910864,0.023713531740220173,AMAZING,GOOD
06P20,,,Steglitz-Zehlendorf,privat,34,1.0,34,2.13823529411765,2.05529247910864,-0.08294281500901013,AMAZING,OK
06Y01,Schadow-Gymnasium,14163,Steglitz-Zehlendorf,Gymnasien,147,0.979591836734694,144,1.99513888888889,2.22457514897374,0.2294362600848503,AMAZING,AMAZING
06Y02,,,Steglitz-Zehlendorf,Gymnasien,113,1.0,113,2.19911504424779,2.22457514897374,0.025460104725950394,GOOD,GOOD
06Y03,Arndt-Gymnasium Dahlem,14195,Steglitz-Zehlendorf,Gymnasien,114,1.0,114,1.82456140350877,2.22457514897374,0.40001374546497015,AMAZING,AMAZING
06Y04,,,Steglitz-Zehlendorf,Gymnasien,108,0.981481481481482,106,2.13867924528302,2.22457514897374,0.08589590369072031,AMAZING,GOOD
06Y05,,,Steglitz-Zehlendorf,Gymnasien,121,0.991735537190083,120,1.94083333333333,2.22457514897374,0.2837418156404101,AMAZING,AMAZING
06Y06,Beethoven-Gymnasium,12249,Steglitz-Zehlendorf,Gymnasien,133,1.0,133,2.05112781954887,2.22457514897374,0.1734473294248704,AMAZING,AMAZING
06Y07,,,Steglitz-Zehlendorf,Gymnasien,102,1.0,102,2.32549019607843,2.22457514897374,-0.10091504710469001,GOOD,OK
06Y08,,,Steglitz-Zehlendorf,Gymnasien,73,0.863013698630137,63,2.55079365079365,2.22457514897374,-0.32621850181990997,OK,BAD
06Y09,Fichtenberg-Oberschule,12165,Steglitz-Zehlendorf,Gymnasien,106,0.971698113207547,103,2.28932038834951,2.22457514897374,-0.0647452393757697,GOOD,OK
06Y10,,,Steglitz-Zehlendorf,Gymnasien,109,0.926605504587156,101,2.35247524752475,2.22457514897374,-0.12790009855100992,GOOD,OK
06Y11,Goethe-Gymnasium Lichterfelde,12205,Steglitz-Zehlendorf,Gymnasien,105,0.990476190476191,104,2.25769230769231,2.22457514897374,-0.033117158718569684,GOOD,GOOD
06Y12,,,Steglitz-Zehlendorf,Gymnasien,72,0.972222222222222,70,2.25428571428571,2.22457514897374,-0.029710565311969805,GOOD,GOOD
06Y13,,,Steglitz-Zehlendorf,Gymnasien,59,0.983050847457627,58,1.87758620689655,2.22457514897374,0.3469889420771901,AMAZING,AMAZING
07A05,,,Tempelhof-Schöneberg,Kollegs/Abendgymnasien,28,0.964285714285714,27,1.93333333333333,2.26813725490196,0.3348039215686298,AMAZING,AMAZING
07B03,"OSZ Lotis (Logistik, Touristik und Steuern)",10965,Tempelhof-Schöneberg,berufliche Schulen,32,0.84375,27,2.73333333333333,2.4870709382151,-0.2462623951182299,BAD,BAD
07K01,Sophie-Scholl-Schule,10781,Tempelhof-Schöneberg,ISS/Gemeinschaftsschulen,133,0.992481203007519,132,2.28484848484848,2.5044819746671,0.2196334898186203,GOOD,AMAZING
07K02,,,Tempelhof-Schöneberg,ISS/Gemeinschaftsschulen,89,0.910112359550562,81,2.72345679012346,2.5044819746671,-0.21897481545636,BAD,BAD
07K03,Gustav-Heinemann-Oberschule,12279,Tempelhof-Schöneberg,ISS/Gemeinschaftsschulen,99,0.919191919191919,91,2.45494505494506,2.5044819746671,0.04953691972204011,OK,GOOD
07K12,Friedenauer Gemeinschaftsschule,12157,Tempelhof-Schöneberg,ISS/Gemeinschaftsschulen,31,0.838709677419355,26,2.71538461538462,2.5044819746671,-0.21090264071751985,BAD,BAD
07P01,,,Tempelhof-Schöneberg,privat,49,1.0,49,2.51020408163265,2.05529247910864,-0.45491160252400986,OK,BAD
07Y01,,,Tempelhof-Schöneberg,Gymnasien,119,0.957983193277311,114,2.18157894736842,2.22457514897374,0.04299620160532003,GOOD,GOOD
07Y02,,,Tempelhof-Schöneberg,Gymnasien,65,0.953846153846154,62,2.36290322580645,2.22457514897374,-0.13832807683270998,GOOD,OK
07Y03,,,Tempelhof-Schöneberg,Gymnasien,108,0.981481481481482,106,2.19245283018868,2.22457514897374,0.03212231878506033,GOOD,GOOD
07Y04,,,Tempelhof-Schöneberg,Gymnasien,132,0.992424242424242,131,2.05190839694657,2.22457514897374,0.1726667520271703,AMAZING,AMAZING
07Y05,Luise-Henriette-Gymnasium,12099,Tempelhof-Schöneberg,Gymnasien,51,1.0,51,2.70980392156863,2.22457514897374,-0.4852287725948896,BAD,BAD
07Y06,,,Tempelhof-Schöneberg,Gymnasien,85,0.823529411764706,70,2.49,2.22457514897374,-0.26542485102626,OK,BAD
07Y07,,,Tempelhof-Schöneberg,Gymnasien,63,0.952380952380952,60,2.28833333333333,2.22457514897374,-0.0637581843595898,GOOD,OK
07Y08,,,Tempelhof-Schöneberg,Gymnasien,96,0.947916666666667,91,2.33846153846154,2.22457514897374,-0.11388638948779972,GOOD,OK
07Y09,,,Tempelhof-Schöneberg,Gymnasien,70,0.957142857142857,67,2.14776119402985,2.22457514897374,0.0768139549438902,AMAZING,GOOD
08B02,"Lise-Meitner-Schule (OSZ Chemie, Physik und Biologie)",12351,Neukölln,berufliche Schulen,55,0.890909090909091,49,2.51836734693878,2.4870709382151,-0.03129640872368,OK,GOOD
08K01,,,Neukölln,ISS/Gemeinschaftsschulen,29,0.896551724137931,26,2.74615384615385,2.5044819746671,-0.24167187148675007,BAD,BAD
08K03,,,Neukölln,ISS/Gemeinschaftsschulen,51,0.803921568627451,41,3.0609756097561,2.5044819746671,-0.5564936350889997,BAD,BAD
08K05,Clay-Schule,12355,Neukölln,ISS/Gemeinschaftsschulen,56,0.839285714285714,47,2.62765957446809,2.5044819746671,-0.12317759980098986,BAD,OK
08K06,,,Neukölln,ISS/Gemeinschaftsschulen,64,0.90625,58,2.58965517241379,2.5044819746671,-0.08517319774668985,BAD,OK
08K08,Gemeinschaftsschule auf dem Campus Rütli,12047,Neukölln,ISS/Gemeinschaftsschulen,22,1.0,22,2.48636363636364,2.5044819746671,0.018118338303460213,OK,GOOD
08P03,,,Neukölln,privat,65,0.984615384615385,64,2.2171875,2.05529247910864,-0.1618950208913601,GOOD,OK
08P04-K,,,Neukölln,privat,32,0.96875,31,2.56774193548387,2.05529247910864,-0.5124494563752302,BAD,BAD
08P04-Y,,,Neukölln,privat,92,1.0,92,2.21304347826087,2.05529247910864,-0.1577509991522299,GOOD,OK
08Y01,,,Neukölln,Gymnasien,69,0.985507246376812,68,2.43823529411765,2.22457514897374,-0.21366014514390974,OK,BAD
08Y02,,,Neukölln,Gymnasien,75,0.853333333333333,64,2.74375,2.22457514897374,-0.5191748510262597,BAD,BAD
08Y03,Albert-Einstein-Gymnasium,12359,Neukölln,Gymnasien,146,0.972602739726027,142,2.25352112676056,2.22457514897374,-0.028945977786819732,GOOD,GOOD
08Y04,Ernst-Abbe-Gymnasium,12045,Neukölln,Gymnasien,69,1.0,69,2.66811594202899,2.22457514897374,-0.44354079305524996,BAD,BAD
08Y05,Leonardo-da-Vinci-Gymnasium,12349,Neukölln,Gymnasien,60,1.0,60,2.83833333333333,2.22457514897374,-0.6137581843595896,BAD,BAD
08Y06,,,Neukölln,Gymnasien,91,0.956043956043956,87,2.37471264367816,2.22457514897374,-0.15013749470441962,GOOD,OK
09A05,,,Treptow-Köpenick,Kollegs/Abendgymnasien,36,0.944444444444444,34,2.30588235294118,2.26813725490196,-0.03774509803921999,GOOD,GOOD
09B03,,,Treptow-Köpenick,berufliche Schulen,32,0.9375,30,2.40666666666667,2.4870709382151,0.0804042715484301,OK,GOOD
09K01,Merian-Schule (Integrierte Sekundarschule),12555,Treptow-Köpenick,ISS/Gemeinschaftsschulen,104,0.894230769230769,93,2.48602150537634,2.5044819746671,0.018460469290760173,OK,GOOD
09K02,,,Treptow-Köpenick,ISS/Gemeinschaftsschulen,68,0.941176470588235,64,2.453125,2.5044819746671,0.0513569746671001,OK,GOOD
09K07,Sophie-Brahe-Gemeinschaftsschule,12435,Treptow-Köpenick,ISS/Gemeinschaftsschulen,31,0.935483870967742,29,2.74137931034483,2.5044819746671,-0.23689733567772997,BAD,BAD
09K08,,,Treptow-Köpenick,ISS/Gemeinschaftsschulen,20,0.9,18,2.63333333333333,2.5044819746671,-0.1288513586662301,BAD,OK
09K09,Grünauer Gemeinschaftsschule,12527,Treptow-Köpenick,ISS/Gemeinschaftsschulen,50,0.96,48,2.60625,2.5044819746671,-0.10176802533290008,BAD,OK
09P07,,,Treptow-Köpenick,privat,70,0.985714285714286,69,1.95217391304348,2.05529247910864,0.1031185660651599,AMAZING,AMAZING
09Y03,,,Treptow-Köpenick,Gymnasien,93,0.989247311827957,92,2.17065217391304,2.22457514897374,0.05392297506070021,GOOD,GOOD
09Y04,Anne-Frank-Gymnasium,12524,Treptow-Köpenick,Gymnasien,108,0.925925925925926,100,2.407,2.22457514897374,-0.18242485102625983,OK,OK
09Y05,Alexander-von-Humboldt-Gymnasium,12555,Treptow-Köpenick,Gymnasien,101,0.98019801980198,99,2.15050505050505,2.22457514897374,0.07407009846869039,AMAZING,GOOD
09Y06,,,Treptow-Köpenick,Gymnasien,127,0.921259842519685,117,2.07606837606838,2.22457514897374,0.1485067729053604,AMAZING,AMAZING
09Y10,,,Treptow-Köpenick,Gymnasien,116,0.896551724137931,104,2.38076923076923,2.22457514897374,-0.15619408179548966,OK,OK
09Y11,,,Treptow-Köpenick,Gymnasien,90,0.933333333333333,84,2.30357142857143,2.22457514897374,-0.07899627959768996,GOOD,OK
10A04,,,Marzahn-Hellersdorf,Kollegs/Abendgymnasien,60,0.883333333333333,53,2.38679245283019,2.26813725490196,-0.1186551979282302,OK,OK
10B02,,,Marzahn-Hellersdorf,berufliche Schulen,71,1.0,71,2.52535211267606,2.4870709382151,-0.03828117446095991,OK,GOOD
10K01,,,Marzahn-Hellersdorf,ISS/Gemeinschaftsschulen,74,0.932432432432432,69,2.69130434782609,2.5044819746671,-0.18682237315898975,BAD,BAD
10K02,Ernst-Haeckel-Schule,12629,Marzahn-Hellersdorf,ISS/Gemeinschaftsschulen,53,0.943396226415094,50,2.73,2.5044819746671,-0.22551802533289989,BAD,BAD
10K13,Integrierte Sekundarschule Mahlsdorf,12623,Marzahn-Hellersdorf,ISS/Gemeinschaftsschulen,30,0.833333333333333,25,2.732,2.5044819746671,-0.2275180253329001,BAD,BAD
10Y01,Tagore-Gymnasium,12687,Marzahn-Hellersdorf,Gymnasien,86,0.976744186046512,84,2.51071428571429,2.22457514897374,-0.2861391367405499,OK,BAD
10Y02,Otto-Nagel-Gymnasium,12683,Marzahn-Hellersdorf,Gymnasien,115,1.0,115,1.80347826086957,2.22457514897374,0.4210968881041701,AMAZING,AMAZING
10Y03,,,Marzahn-Hellersdorf,Gymnasien,121,1.0,121,2.30165289256198,2.22457514897374,-0.07707774358823993,GOOD,OK
10Y08,,,Marzahn-Hellersdorf,Gymnasien,95,0.926315789473684,88,2.56477272727273,2.22457514897374,-0.3401975782989899,BAD,BAD
10Y11,,,Marzahn-Hellersdorf,Gymnasien,133,0.992481203007519,132,2.3,2.22457514897374,-0.07542485102625962,GOOD,OK
11A07,Schul- und Leistungssportzentrum Berlin (Sportforum),13053,Lichtenberg,ISS/Gemeinschaftsschulen,77,0.987012987012987,76,2.25526315789474,2.5044819746671,0.2492188167723599,GOOD,AMAZING
11B02,,,Lichtenberg,berufliche Schulen,37,0.945945945945946,35,2.38285714285714,2.4870709382151,0.10421379535796005,OK,AMAZING
11K02,Mildred-Harnack-Schule,10365,Lichtenberg,ISS/Gemeinschaftsschulen,79,0.936708860759494,74,2.53243243243243,2.5044819746671,-0.027950457765329784,OK,GOOD
11K04,Gutenberg-Schule,13055,Lichtenberg,ISS/Gemeinschaftsschulen,106,0.905660377358491,96,2.44583333333333,2.5044819746671,0.0586486413337699,OK,GOOD
11K05,,,Lichtenberg,ISS/Gemeinschaftsschulen,52,0.961538461538462,50,2.676,2.5044819746671,-0.17151802533290006,BAD,OK
11K08,Schule-am-Tierpark (Integrierte Sekundarschule),10319,Lichtenberg,ISS/Gemeinschaftsschulen,32,0.78125,25,2.704,2.5044819746671,-0.19951802533290008,BAD,BAD
11K10,Grüner Campus Malchow (Gemeinschaftsschule),13051,Lichtenberg,ISS/Gemeinschaftsschulen,67,0.970149253731343,65,2.39846153846154,2.5044819746671,0.10602043620556012,OK,AMAZING
11K12,Paul-und-Charlotte-Kniese-Schule (Gemeinschaftsschule),10319,Lichtenberg,ISS/Gemeinschaftsschulen,20,0.95,19,2.54736842105263,2.5044819746671,-0.042886446385530075,OK,GOOD
11Y02,,,Lichtenberg,Gymnasien,119,1.0,119,1.83949579831933,2.22457514897374,0.3850793506544101,AMAZING,AMAZING
11Y05,,,Lichtenberg,Gymnasien,102,0.990196078431373,101,2.2029702970297,2.22457514897374,0.02160485194404016,GOOD,GOOD
11Y09,Barnim-Gymnasium,13057,Lichtenberg,Gymnasien,123,0.991869918699187,122,2.14590163934426,2.22457514897374,0.07867350962948017,AMAZING,GOOD
11Y10,,,Lichtenberg,Gymnasien,103,0.941747572815534,97,2.51340206185567,2.22457514897374,-0.28882691288192985,OK,BAD
11Y11,,,Lichtenberg,Gymnasien,133,0.969924812030075,129,2.2062015503876,2.22457514897374,0.018373598586140183,GOOD,GOOD
12B02,,,Reinickendorf,berufliche Schulen,56,0.821428571428571,46,2.54565217391304,2.4870709382151,-0.05858123569794005,OK,OK
12K02,,,Reinickendorf,ISS/Gemeinschaftsschulen,101,0.841584158415842,85,2.62941176470588,2.5044819746671,-0.12492979003878002,BAD,OK
12K03,Max-Beckmann-Schule (Integrierte Sekundarschule),13403,Reinickendorf,ISS/Gemeinschaftsschulen,83,0.855421686746988,71,2.63380281690141,2.5044819746671,-0.12932084223430973,BAD,OK
12P03,,,Reinickendorf,privat,72,1.0,72,1.65,2.05529247910864,0.4052924791086401,AMAZING,AMAZING
12P04-Y,,,Reinickendorf,privat,92,1.0,92,2.23586956521739,2.05529247910864,-0.1805770861087499,GOOD,OK
12Y01,,,Reinickendorf,Gymnasien,96,0.864583333333333,83,2.42048192771084,2.22457514897374,-0.1959067787370996,OK,BAD
12Y02,,,Reinickendorf,Gymnasien,144,0.979166666666667,141,2.09716312056738,2.22457514897374,0.12741202840636,AMAZING,AMAZING
12Y03,,,Reinickendorf,Gymnasien,142,0.97887323943662,139,2.04172661870504,2.22457514897374,0.1828485302687004,AMAZING,AMAZING
12Y04,,,Reinickendorf,Gymnasien,132,0.977272727272727,129,2.22635658914729,2.22457514897374,-0.0017814401735498642,GOOD,GOOD
12Y05,,,Reinickendorf,Gymnasien,115,0.991304347826087,114,2.38157894736842,2.22457514897374,-0.1570037983946797,OK,OK
12Y06,Schulfarm Insel Scharfenberg,13505,Reinickendorf,Gymnasien,57,1.0,57,2.22456140350877,2.22457514897374,1.374546497023843e-05,GOOD,GOOD
12Y07,,,Reinickendorf,Gymnasien,111,0.954954954954955,106,2.28679245283019,2.22457514897374,-0.062217303856449746,GOOD,OK
12Y08,Thomas-Mann-Gymnasium,13439,Reinickendorf,Gymnasien,108,0.916666666666667,99,2.63030303030303,2.22457514897374,-0.4057278813292897,BAD,BAD
