plz,n_yoga_studios,n_kinderarzt
10115,4,1
10117,1,0
10119,3,0
10178,0,0
10179,0,0
10243,1,2
10245,4,0
10247,5,2
10249,2,0
10315,0,0
10317,1,0
10318,0,1
10319,0,1
10365,0,1
10367,0,0
10369,0,0
10405,8,2
10407,1,2
10409,0,0
10435,2,0
10437,8,2
10439,4,2
10551,0,1
10553,0,0
10555,1,1
10557,0,0
10559,2,1
10585,0,1
10587,1,0
10589,0,0
10623,2,0
10625,1,0
10627,1,2
10629,2,0
10707,2,1
10709,0,0
10711,0,0
10713,0,0
10715,1,3
10717,2,0
10719,0,0
10777,0,0
10779,0,1
10781,2,0
10783,1,1
10785,0,0
10787,1,0
10789,0,0
10823,3,1
10825,1,2
10827,2,2
10829,1,0
10961,2,1
10963,1,0
10965,0,0
10967,1,4
10969,1,0
10997,4,1
10999,4,1
12043,1,2
12045,1,0
12047,2,0
12049,3,1
12051,0,0
12053,0,4
12055,2,0
12057,0,0
12059,2,0
12099,0,1
12101,1,1
12103,1,1
12105,0,0
12107,0,0
12109,0,0
12157,2,2
12159,2,0
12161,3,1
12163,0,3
12165,0,2
12167,1,0
12169,1,0
12203,0,0
12205,0,0
12207,1,1
12209,0,2
12247,0,1
12249,0,0
12277,0,0
12279,0,0
12305,0,1
12307,0,1
12309,1,1
12347,0,0
12349,0,1
12351,0,1
12353,0,0
12355,0,0
12357,0,0
12359,0,0
12435,1,0
12437,0,1
12439,0,1
12459,1,1
12487,0,0
12489,1,1
12524,0,1
12526,0,1
12527,1,1
12555,0,2
12557,0,1
12559,1,0
12587,0,0
12589,1,0
12619,0,2
12621,0,0
12623,0,2
12627,0,1
12629,0,0
12679,0,0
12681,0,0
12683,0,0
12685,0,0
12687,0,0
12689,1,0
13051,0,0
13053,0,0
13055,0,0
13057,0,0
13059,0,0
13086,0,0
13088,3,1
13089,0,0
13125,0,3
13127,0,0
13129,0,0
13156,1,0
13158,0,0
13159,0,0
13187,2,4
13189,0,1
13347,1,1
13349,0,1
13351,1,0
13353,1,2
13355,0,1
13357,1,1
13359,1,0
13403,0,1
13405,0,0
13407,0,0
13409,0,1
13435,0,0
13437,0,0
13439,0,1
13465,3,1
13467,0,1
13469,0,0
13503,0,1
13505,0,0
13507,0,0
13509,0,0
13581,0,0
13583,0,0
13585,0,0
13587,0,0
13589,0,0
13591,0,2
13593,0,1
13595,0,1
13597,0,0
13599,0,0
13627,0,0
13629,0,0
14050,0,0
14052,0,0
14053,0,0
14055,0,0
14057,3,0
14059,0,1
14089,0,2
14109,4,5
14129,0,3
14163,0,0
14165,0,0
14167,0,0
14169,0,0
14193,0,0
14195,0,0
14197,0,1
14199,1,1
15537,0,0
15566,0,2
15569,0,0
